user_id,user_name,user_age,user_country,created_at
33554,Anthony Thomas,44,Canada,2024-03-28
9428,Michael Lewis,31,United States,2024-12-01
200,David Campbell,50,United States,2024-05-15
12448,Heather Cherry,65,United States,2024-10-16
39490,Connie Johnston,63,United States,2024-09-11
42725,Melissa Ramirez,66,United States,2024-09-30
10823,Sherri Morris,23,United States,2024-03-30
49499,Greg Santos,43,United States,2024-04-22
4145,Darren Austin,63,United Kingdom,2024-02-21
36959,Joshua Jensen,41,United States,2024-02-12
43107,James Ponce,53,United States,2024-02-29
38696,Chad Long,26,United States,2024-09-20
6189,Elizabeth Baker,29,United States,2024-03-15
1415,James Gonzalez,18,United States,2024-11-08
18472,Dustin Peters,26,United States,2024-07-22
29283,Beverly Frazier,59,United States,2024-03-07
15178,Matthew Johnson,36,United States,2024-08-23
34305,Emily Conley,55,United States,2024-04-21
12610,Devin Anderson,44,United States,2024-06-20
12145,Jasmine Horn,23,United States,2024-06-25
6114,Dennis Clark,68,United States,2024-09-13
15909,Ashley Waters,31,United States,2024-08-11
822,Douglas Adams,50,United States,2024-10-04
15119,Natalie Oneal,66,United States,2024-02-06
13467,Jennifer Edwards,36,United States,2024-08-09
26498,Katherine Williams,65,United States,2024-07-14
42112,Jennifer Perkins,44,United States,2024-11-05
30189,Nicole Willis,26,United States,2024-04-24
37238,Paul Ballard,35,United States,2024-09-04
33110,Autumn Bennett,68,United States,2024-01-03
